{"cameraMode":{"drawMode":0,"name":"Shaded","section":"Shading Mode"},"sceneLighting":true,"audioPlay":false,"sceneViewState":{"m_AlwaysRefresh":false,"showFog":true,"showSkybox":true,"showFlares":true,"showImageEffects":true,"showParticleSystems":true,"showVisualEffectGraphs":true,"m_FxEnabled":true},"in2DMode":false,"pivot":{"x":-0.4581620395183563,"y":0.28179028630256655,"z":-0.5716918706893921},"rotation":{"x":0.19231495261192323,"y":-0.23669911921024323,"z":0.0478578582406044,"w":0.9511604905128479},"size":2.4073948860168459,"orthographic":false}